penalty,score
l2,0.9590363980643805
none,0.9569745423942774
