kernel,score
linear,0.9569955817378497
poly,0.9385230380812117
sigmoid,0.9570376604249947
rbf,0.9611192930780559
